[{"line":1,"elements":[{"start_timestamp":"2024-04-24T05:43:06.183Z","line":3,"name":"API call is successful and return valid price","description":"","id":"return-the-usd-rates-against-multiple-currency;api-call-is-successful-and-return-valid-price","type":"scenario","keyword":"Scenario","steps":[{"result":{"duration":3940000000,"status":"passed"},"line":4,"name":"Hit the rquest endpoint","match":{"location":"com.bdd.restassured.stepdefinition.PriceStepDefinition.hit_request_endpoint()"},"keyword":"Given "},{"result":{"duration":77000000,"status":"passed"},"line":5,"name":"Check API return successful response","match":{"location":"com.bdd.restassured.stepdefinition.PriceStepDefinition.check_API_Response()"},"keyword":"When "}]},{"start_timestamp":"2024-04-24T05:43:10.339Z","line":7,"name":"Check API call for different status message and code","description":"","id":"return-the-usd-rates-against-multiple-currency;check-api-call-for-different-status-message-and-code","type":"scenario","keyword":"Scenario","steps":[{"result":{"duration":422000000,"status":"passed"},"line":8,"name":"Hit the invalid request endpoint with USD1","match":{"location":"com.bdd.restassured.stepdefinition.PriceStepDefinition.hit_Invalid_Request_Response_USD1Code()"},"keyword":"Given "},{"result":{"duration":488000000,"status":"passed"},"line":9,"name":"Hit the invalid request endpoint with US","match":{"location":"com.bdd.restassured.stepdefinition.PriceStepDefinition.hit_Invalid_Request_Response_UDCode()"},"keyword":"When "}]},{"start_timestamp":"2024-04-24T05:43:11.262Z","line":12,"name":"Check all different scnearios","description":"","id":"return-the-usd-rates-against-multiple-currency;check-all-different-scnearios","type":"scenario","keyword":"Scenario","steps":[{"result":{"duration":113000000,"status":"passed"},"line":13,"name":"Hit the request endpoint","match":{"location":"com.bdd.restassured.stepdefinition.PriceStepDefinition.hit_request()"},"keyword":"Given "},{"result":{"duration":1825000000,"status":"passed"},"line":14,"name":"Verify USD price against AED and check the prince range between 3.6 and 3.7","match":{"location":"com.bdd.restassured.stepdefinition.PriceStepDefinition.usd_Price_AED()"},"keyword":"When "},{"result":{"duration":196000000,"status":"passed"},"line":15,"name":"Check 162 currency pair display in the response","match":{"location":"com.bdd.restassured.stepdefinition.PriceStepDefinition.check_TotalCountry()"},"keyword":"Then "},{"result":{"duration":1602000000,"status":"passed"},"line":16,"name":"Generate a schema from API response and matches with Json schema","match":{"location":"com.bdd.restassured.stepdefinition.PriceStepDefinition.generate_Schema()"},"keyword":"Then "}]}],"name":"Return the USD rates against multiple currency","description":"","id":"return-the-usd-rates-against-multiple-currency","keyword":"Feature","uri":"file:src/main/java/com/bdd/restassured/feature/Price.feature","tags":[]}]